时间,用户,评论,评价,点赞人数
2006-02-04 06:19:25,影志,"“我甚至连一张他的画像都没有，但他永远活在我心中。” 要敢说，这是我一直深爱的电影。

3D效果言过其实；被删裸戏无察觉；IMAX看清冰山全貌；Rose美的神魂颠倒，Jack帅的令人窒息；甲板上Jack对Rose说:I see you. 看过不下10遍，能记住每个情节、台词、人物及配乐，该哭地方还是会哭；3碟正版VCD能记住两次换碟的准确时刻；初二看完后自己经常在水盆里用水瓢演习沉船全过程…",力荐,14685
2006-11-16 15:23:40,个篱,那对对死无所畏惧的老夫妇，那个不为外界干扰的乐队，那个为生而做一次假父亲的男人，那个为爱人吹响口哨的女人。都是为了一种心灵上的执着。,力荐,15010
2008-11-24 22:15:43,Doublebitch,将永远是我在电影院所看过次数最多、最感动、也是最好的电影,力荐,8216
2016-12-02 12:36:33,孔雀鱼,学校组织放映的影片，大家好像对rose和jack恋爱过程猎奇，但是让我感动的一幕是轮船将要沉沦，海上乐队的绅士们整理领结，肃穆庄严的弹奏最后一曲，那一瞬间，仿佛听见一首镇魂曲在响彻。,力荐,5422
2008-08-02 01:45:37,高歌,"生死两茫茫
不思量
自难忘",力荐,6464
2011-08-26 16:50:18,琦殿,有些片子，必须得等经历过再去看。没有为爱情放弃过什么的人，不会在露丝从救生船上跳回大船的那一刻落泪。,力荐,3636
2022-08-27 23:06:40,桃溪春野,我学会了吐口水，我努力的活下来了，我去了好多你说过的地方，我学会了双腿张开骑马，我生了好多孩子，我已经活到一百岁了，我可以见到你了吗？,力荐,2889
2007-10-14 15:40:11,沉歌,爱你原本只是一瞬，却不知在时间的洪流中成了永恒。,推荐,13137
2008-02-20 11:41:14,宋阿慕,一部应该被记住的电影.,力荐,4868
2008-05-31 07:37:04,安獭獭,事隔那麼多年依然無法忘記當初的感動。,力荐,3952
2007-12-19 09:05:36,白日梦小姐,我想失去的才是永恒的。,力荐,4115
2006-08-21 21:25:29,小耳朵图吗,还用说么？太经典了。,力荐,4177
2018-01-14 12:32:13,酒鬼一家小迷妹,Rose可以为爱而死，最后在Jack的舍命相救及恳求下，选择了为爱而活，而被留下的那个人是痛苦的。到老奶奶的Rose站在船边上，把海洋之星扔回海中时，我想那是它最好的归宿了。灾难面前，有的人把生存的机会留给了别人，而有的人花钱占用了别人的机会。,力荐,2076
2011-07-11 17:36:24,朋克布莱克,第一次看到沉船，第一次看到正面全裸，第一次看到伟大的爱情，第一次...,力荐,1949
2018-03-14 17:29:38,青山绿水,打动人心灵的情感灾难片。除了男女主之间的互动，印象深刻的还有在船沉前三等舱躺在床上安详拥抱的两位老人，母亲在海水即将淹没时，拍打两个孩子入眠的场景，船上一直奏响的音乐，灾难来临时，从容赴死的船长和设计师，都让我流泪满面。,力荐,1513
2012-08-25 07:37:00,峰峰峰峰,当老年的Rose午夜梦回，一个长镜头穿过大堂，摇上楼梯，站在钟表前的Jack转过身来，意气风发，潇洒倜傥，宛如昨日。,推荐,10183
2017-01-07 15:03:08,登对,"""Every night in my dream, I see you, I feel you.""",力荐,1271
2022-11-18 06:59:38,北灰灰灰,能与诸位一起演奏 是我的荣幸,力荐,1249
2021-01-15 19:15:45,寄云粥,找不出瑕疵的神片，每一个细节都极尽完美，卡梅隆无可抑制的才华，搭配詹姆斯霍纳天籁般的原创配乐，不仅是Jack和Rose的爱情，死亡时刻乐团的演奏、船长与船共存亡的坚定、一对老夫妇相拥而眠、母亲为孩子讲睡前故事，都染上了一层浪漫潇洒的色彩。我一直认为，本片真正感人的部分，爱情只占了一半，生死间的抉择差异、烈狱环境下人性的考验是另一半，但当最后Rose将海洋之心抛向海底，Celine Dion的声音响起的时候，泪水终于无法忍耐，一切的缘由都失去了意义。,力荐,693
2016-12-06 23:05:16,雨果,我所知道的爱情就是无论付出什么代价都要让你有幸福的人生， 尽管那人生我无法参与，那幸福不是我来给予。,力荐,1031
2022-09-30 19:58:13,清和结庭芳。,"第一次哭：rose在救生艇上仰望，jack留在大船上，眼中闪着泪光却微笑着看过来。太美好了。当时魂穿rose感觉，如果我不跳回去，这个画面，就是我心中最美好的男孩子，留在我心中的最后一面。这一幕一定会成为我夜夜的梦魇，让我在悔恨中哭着醒过来。
第二次哭：rose为了彼此的诺言，争取搜救好好活下去，哭完后最终扒掉了已死的Jack在救生木板上冷僵的手，Jack慢慢坠落，带着宁静的面庞永眠海底。
第三次哭：Rose Dawson你我永不分离，我带着我们相爱的记忆，好好活下去，我之后的生命与幸福由你共享一半
第四次哭：结尾白发苍苍的老奶奶梦回泰坦尼克号，青春少女穿着洁白如婚纱的裙子，穿过金碧璀璨的梦幻廊厅，推开门后喜欢的人们都活着，笑着夹道祝福，楼梯的最高处，Jack回首，微笑，还是初见的少年模样。",力荐,595
2023-04-05 02:02:55,darl,让我们期冀着：原来世界上真的有人无端端地比热爱生命还要热爱另一个人。,力荐,594
2017-02-27 15:02:09,蓝下老婆,"you jump, i jump这句是不是超经典，这部电影是根据真人真事改编的，非常的感人，小李子那时好帅啊，很多片段都非常的经典，主题曲也是很好听，喜欢的电影当然给满分了",力荐,750
2017-03-29 15:58:17,元宝宝,男女主人公的爱情固然打动人心，但我也记住了当海水袭来时，有一对老夫妇紧握双手迎接死亡的瞬间，爱情的力量可以冲破一切恐惧，只因我俩还在一起。,力荐,603
2012-08-07 15:59:22,朝暮雪,第70届奥斯卡最佳影片，全球票房影史第二名，仅次于卡神的《阿凡达》，真正的口碑票房双丰收。,力荐,441
2022-02-11 21:59:48,已注销,他们的爱情死在最好的时候。,力荐,472
2008-03-15 22:17:43,芦哲峰,1998年，哈尔滨火车站地下给初恋女友买的盗版光盘。,推荐,3204
2008-01-10 16:33:31,老鸡｜扶立,高中时代的大片，最让我动心的是音乐,推荐,805
2017-02-09 14:31:57,昵称被占不开心,我甚至连他的一张照片都没有，他活在我的心里,力荐,590
2013-01-14 23:46:22,魏小河,不知为什么，今天才看这电影，但从来不急，就像任何一件人生中必须经历的事情，你知道总会到来的。那些早就从别人谈话中听来的感动和泪点，一一应中，但在此之前，终归是听来的。时间参和进去，电影不只是电影，生离死别，何止爱情。,推荐,286
2017-01-08 18:29:28,后天的雨,这部大片的感染力就是，尽管看过不止一次，剧情聊熟于心，当年3d重制上映时候大家还是很期待地去看，满场的人，然后再次被震撼。 对rose和jack来说，船上那几天是人生最精彩最美丽的几天，rose也用一生来纪念他。,力荐,565
2015-05-04 16:30:37,冰红深蓝,"摄影剪辑调度配乐音效场面还原都登峰造极，尽管爱情故事十分烂俗，但我就是不争气地被打动了。更重要的是，本片在深度上也绝非肤浅：对现代性和技术理性的反思、灾难前的种种人性(乐队,神父,老夫妻,查字典的外国家庭)、对生命的热爱(用最热忱的生活态度缅怀逝者,永不放弃)，片尾长镜头绝赞！（9.0/10） | 20230414 大银幕重温3D IMAX版（纪念泰坦尼克号沉没111周年），观感极佳，确乎是真正意义上的大片。泰坦尼克号成了上流社会傲慢、虚荣与虚伪的象喻，一如“永不沉没之船”首航即遇难，片中也充满了各式反讽。灾难放大了人性中的美善与丑恶，压力之下人的性格本相才会充分呈露出来。剪辑转场（尤其是素描画—青年罗丝—老年罗丝这一延长的双重匹配叠化）实在精妙。本片还是一部关于女性独立成长、超越时代的女性力量（结尾照片太动人）的杰作。",力荐,194
2023-02-24 10:10:16,judyisland,“He saved me in every way a human can be saved”,力荐,283
2022-06-24 16:19:54,空山鸟语,最后，镜头拉到老人家在床上睡觉，身旁一张张照片掠过，都是她和杰哥约定要做的事情然后再进到沉船的残骸，画面从一片死寂逐渐变暖，最后进到大厅里，里面全是事故的逝者然后大堂的钟前是男主的背影，回头这才发现是女主视角旁边乐师，设计师死者复生，大家重新团聚，画面从冷到暖，接着变成女主视角，把我杀穿了，眼泪不值钱。,力荐,244
2010-10-03 03:20:13,乔小囧,13年后，我才看了这部经典大片。美国人的商业片，从来都那么深入内心。我不可脱俗的被这场爱情感动，或者说我感动的是对爱的态度。灾难来得突然，对爱的考验也来得突然，容不得你准备，你必须用生命来完成这道题目。真爱，不会露怯。假爱，总会在灾难面前显得那么可笑。海洋没心，但你有海洋之心。,力荐,253
2023-02-12 07:28:44,南极海盐,rose真好！为什么二十五年前就能拍出这种电影啊😭😭,力荐,252
2018-01-15 17:14:59,猫咪.萌萌,"这是几年前看的了，一直到现在感觉还是回味无穷吖！真的太经典了，让人记忆深刻，从男女主人公的相识相知相爱到最后的永远的分别……
人生就是这样，好多事情都是不能提前得知的，命运自有天意安排，谁也算不到",力荐,131
2023-04-19 19:18:11,卡夫不卡,我十二岁看不喜欢它，觉得Rose和Jack顺利地下了船，他们的生活肯定会在鸡毛蒜皮里消磨，现在觉得大错特错，Rose遇到Jack以后才开始真的活着。而Rose本来就如斯嘉丽一样，是充满生命力的人，Jack不是创造了她心中的火，而是让她点燃了，所以她可以迅速地肆无忌惮地在三等舱跳舞奔跑。1900的船伴随着“America”的叫喊声再也不会有人听他的琴，他也一直没有走下自己的船，而Rose的船却是人生的起点，后来那些灿烂的照片，Jack不是给了她爱情，更重要的是让她知道了“爱”。故事本身并不复杂，完全能理解为什么票房影史第一如此多年，你在这里能看到对电影所有的期望，帅气漂亮的演员，壮观的大场面，以及各种配角。小提琴手拉最后一首歌的时候我狂哭不止，它的细节如此之多，以至于我真的觉得那些人物是活的。,力荐,84
2023-04-15 15:24:05,阿涩,"经典之所以为经典。第一次在大荧幕上看这部电影，再看依然后劲很大。其实直到这次买票的时候才发现这部电影居然有三个多小时。群像、人性、爱情，每个方面的塑造都是丰满的，细节之丰富和到位不会让我觉得有一个镜头是多余的。
看到一位网友的说法觉得很对，Rose从来不是玻璃罩里的玫瑰，她是在笼子里哀啼却没有人听到的鸟。爱情也不是救赎，Jack只是向Rose伸出了手，但她最终还得靠自己展开双翼。（另外凯特温斯莱特真的好美啊，真的会让我联想到热烈又娇嫩的玫瑰花瓣。）
看到Jack刚登上船时迎着海风喊出“I'm the king of the world”的时候真的眼眶湿润，他就这样停留在最意气风发的年纪了啊。",力荐,98
2023-03-03 23:28:58,啊蓝天啊云好多,女主太勇敢了，爱情真的能给人这么大的勇气吗？5+,力荐,165
2022-04-23 23:05:53,勾陈,"远程支持学校社团放映。说实话不是很能get到爱情线。男女主角之间不过是把对逃离现实的渴望投射到对方和被荷尔蒙短暂冲昏头脑的激情之爱。如果两个人真的顺利下船，ross多半会逐渐发现jack嗜赌轻浮偶尔还很暴躁而且没有足够的经济基础并以分手结局。这种烟花般的爱情只能靠死亡定格在最绚烂的时刻，才能让人感动。
相比之下，大洪水来临时无助哭喊的，一心求生的，从容赴死的，向神祷告的，信仰崩塌的，坚持道德的，自私野蛮的，寥寥几笔群像就有震撼人心的力量。
如果拍成纯粹的特效沉船片就四星了；如果有触手大海怪就五星了(
加一星给陪我一起看的人。",推荐,157
2022-08-05 23:49:18,Dream°◊well,94/100。因为之前已经知道不少剧情了，所以一直也没有太大兴趣看。但终于看完了这部影片后，我真的非常触动。果然好的电影不只在于讲了什么故事，还在于怎么讲出了这个故事。,力荐,126
2023-02-10 13:38:32,momo,不懂重映为什么非要弄成3D的……,推荐,269
2017-03-09 23:42:10,甜椒Oli,在岁月面前经历都是一场梦。苍老的脸上的皱纹才是这一生的回忆。你放在心底深刻的美好是因为没得到的白月光朱砂痣。,力荐,98
2022-08-11 00:09:39,momo,"我怎么现在才看泰坦尼克啊 太好看了
前半段极尽奢华，后半段将美好的假象全部毁掉：摔碎的盘子，蚂蚁一样掉落的人，冰面上漂浮的活活冻死的人群…阶级依旧决定着人的生死，而男女主我愿称之为两个疯批的爱情故事，在压抑的灾难面前好像有超越一些痛苦的力量
最喜欢电影最后一个画面：穿过时光回廊，记忆的光被点亮，船舱门开了，那群人又鲜活地出现在了眼前
",力荐,134
2023-02-13 13:18:17,那就迟到吧,25年，终于看过这部电影，经典不愧是经典。美得像天神一样的温斯莱特，又年轻又帅到令人发指的小李子，被打碎的美好才更动人。,力荐,151
2023-02-27 10:29:12,Kevin,#cherryhill 花最多的钱，拍最甜的玛丽苏；但俗套不是问题，或者越俗越好：俗也是纯粹、真诚、不犬儒、不含杂质，而最美好之物本就注定沉没于海底，就像层层叠叠的精美盘子在慢镜下摔得粉碎，而恰恰是覆灭才让小李子在阶梯上永恒青春。也可以往坏了想，就是为了掐灭阶层跃升融合的可能，警卫沉迷于舞蹈，旧世界才如此轰隆崩塌，罪恶之人总会留下、翻来覆去还是一个样。但不管如何，卡梅隆都是下水的赏金猎人、首先爱的还是科技和奇观，而(25年后的)观众是开头说u r full of shit的同伴，这艘往昔的大船只要还能俘获众人内心、放弃三小时的愤世嫉俗，也许人类就还有救。但我每到动情处就被金童玉女、命中注定、一眼万年劝走，如此essentialize情感，看完只想跟朋友暴论：世界爱情诸多不幸，好莱坞要背大锅。,推荐,106
2018-01-04 14:53:32,八月,是我看过最好的爱情故事电影，电影不像电视剧一样大众，但是，当这部电影出现后，依然达到了无人不知的盛况，身边的人几乎都知道那个两个主角站在船头的经典场景，这真的是是一部很经典的电影,力荐,308
2017-02-12 07:16:30,蓝色啄木鸟,经典的爱情影片，重温仍然感动！最帅的莱昂纳多！,力荐,74
2006-09-12 13:33:49,芥末小馒头,哭得稀里哗啦的,推荐,436
2018-02-05 22:13:19,默,当年的小李子真的美如画，清秀的少年郎，露丝也身姿卓越，气质很好，面容姣好。话说当年我第一次看的时候汽车那没看懂，还在想为啥有这段，有个同学还说她对这电影印象最深的是这段，搞得我一脸懵逼，然后再看一遍，看懂了好羞耻╮(╯▽╰)╭,推荐,281
2017-03-17 08:14:26,炫3D,大学时代的回忆，当初这部片子可是男生最好的借口啊，三个小时的电影很多经典台词如今仍在运用，前不久，自家孩纸忽然也在说，于是又陪她在优酷会员再次重看一遍。,力荐,46
2014-06-11 19:38:11,Ocap,最接近完美的商业电影。卡梅隆这一套比斯皮尔伯格的保质期更久。,力荐,75
2018-03-09 10:06:30,👹天神的审判,非常经典！主题曲我心永恒也非常经典！,力荐,56
2022-09-26 00:51:38,近未来,史诗级的浪漫爱情与灾难片标杆中的标杆，我心永恒的前奏一响，心中总有无尽的感动。最后船开到了美国，也看到了自由女神像，可是船不是泰坦尼克号，看到的人也不是Jack，但我却把你的姓氏冠我之名一同带到了这里。那是，一段永存不灭的爱。,力荐,101
2018-03-09 21:54:14,命中注定的爱,经典中的经典，小时候看场面宏大，剧情感人，他们的爱情让我记忆由心，好看！,推荐,65
2010-05-08 23:02:14,游牧人·芳汀,剧本居然收入人民教育出版社教材，可想而知对我国的巨大影响力。,还行,884
2018-03-15 15:55:22,端木夜,非常经典的一部电影，满满的童年回忆，再看一遍，还是很感人,推荐,67
2018-02-05 21:04:59,小小朋友,很少看一部电影看三遍，这部电影除外，除了杰克与肉丝的爱情，我更喜欢影片中，让女人与儿童先走的呐喊，面对死亡不停息的演奏者们等等，人性的光辉总是一部影片最吸引人和最打动人的。,推荐,193
2018-03-19 20:08:47,bekey,当my heart will go on响起时，很多人都会因为看过电影中至死不渝的爱情而一顿唏嘘感叹。是啊，这是一部跨越阶级和生死的爱恋。前有门当户对甚至更富有但却不爱的未婚夫做反面，后有生死离的考验。矛盾冲突点都很尖锐，让观众一次又一次将心提到嗓门边，也让这份爱变得更恒久绵长。,推荐,215
2018-04-12 07:10:45,世界尽头,第一次电影上映的时候我还是个孩子，不太懂这种深情。等后来一次回看的时候，真的很感动于这种超越生死的爱。那时候小李子也是很稚嫩啊，颜好。,力荐,54
2017-03-04 12:25:50,苏幼,超爱这部剧，当时感动死了,力荐,65
2023-04-15 23:10:07,r00yr,会为rose身上迸发出的女性主义光芒所倾倒，拿起斧头的时候简直帅呆了。,力荐,97
2023-01-31 19:36:49,1010不是0,小李子乍一看一般般帅，但是Jack的人设让他看起来超级帅,力荐,127
2023-01-24 12:04:49,正在输入姓名,长大了，想法变多了，看电影时，心里全是评价，怀疑，对美好爱情的怀疑，真的有这样好的情感吗？因为太稀有才被拍出来吧。但小时候可没有这种想法，认为这就是爱情，爱情理应如此,力荐,77
2023-02-24 17:15:18,困困睡仔,“我永不放弃，我答应你” 我狂哭,力荐,162
2017-03-22 12:42:50,扌丁月佥,一直没有看过，直到上了大一才找出来看，真的是哭的一塌糊涂，从此喜欢上小李子。,力荐,189
2017-04-17 01:40:38,焚紙樓,當船體即將一裂為二的前夕，全船的電燈極其巧合似的停滯了，如失血前的暈眩、如窒息前的睜瞳，讓人驚覺這艘船原來是活著的──全片194分鐘，唯獨這幾秒，鐵達尼號才真正顯現出它原該是主人公的存在之感，而非羅密歐茱麗葉情話綿綿的打卡佈景而矣。,还行,216
2018-04-07 16:06:44,河堤上的貓,當年電影院一票難求的空前盛況啊！現在看依舊感動 歌曲更是動人,力荐,55
2009-12-19 14:11:19,杨迪,汶川人都去电影院看过 ,力荐,103
2018-04-14 09:01:58,橘猫爱吃鱼,《泰坦尼克号》是我记忆电影里的经典之作。男女主人公站在甲板船头的经典动作也成了那个时代最最完美的姿势~,力荐,37
2011-06-25 15:44:58,易老邪,如此平庸的一部片却缔造了一个票房神话。,还行,143
2017-03-04 10:54:47,媛木子,非常经典，当初小李子的Jack真的是帅到腿软啊！,力荐,57
2016-12-07 23:04:20,不将就。,看了很多次 都没坚持  看完后又觉得电影太短  经典就是经典 男女主角的爱情故事令人羡慕 结局虽不尽人意 但经历是美好的 ,力荐,53
2015-08-02 17:41:17,梦里诗书,电影所呈现的虽然是一场灾难，却再难有一部电影能如《泰坦尼克号》这般给人以灾难中洞彻心灵爱的美好，杰克与露西他们之间的生死绝恋是一场永恒之爱，杰克的离去，露丝其实一直代替着他精彩的活下去，电影结局处露丝魂归梦处，杰克的想迎，爱在此便成了永恒。,力荐,106
2018-03-15 13:24:44,樱花飞舞时,这部电影让我相信了爱情的存在性与永恒性，值得被永久收藏。,力荐,170
2021-02-18 16:01:54,布兹克兹,"“我这辈子最幸运的事，是赢得了那张船票————它让我遇见了你。”

",力荐,104
2018-01-11 12:53:57,不错我就是神,经典，自己多么也想拥有那样的爱情啊。可是现实生活中很难有那样一个人可以不惜一切为你。。,推荐,257
2022-04-08 00:36:10,Yepeɪ.,老年Rose在最后的回忆里说：“女人的心里是藏着很多秘密的，原谅我，没有把这一切告诉你的祖父”。她甚至用了深爱的男子的姓，来开始她的余生。是这个叫她活下去的男子，给了她按部就班的人生一记当头棒喝。我们都在人生里寻找归宿，只是可悲的是，真爱从来匆匆，留下来的，都只是生活。,力荐,65
2023-02-12 15:57:33,Untitled,泰坦尼克号上映25周年大银幕重映，上次看大概还是20年前上小学的时候，时光飞逝，经典永存（真三个多小时无尿点。灾难中的人性和爱情，it’s a sad story，人类之于海洋之于宇宙过分渺小，but my heart will go on. 杰克肉丝真是这个世界美好的存在<3,力荐,66
2023-04-15 14:28:16,momo,Rose 之后真的去学了骑马，那些照片太催泪😭😭😭😭😭😭😭下次重映也要去看喔,力荐,65
2016-12-29 20:27:44,大志的小耳朵,经典，永恒的主题爱情。爱情究竟是什么，它是怎么产生的？爱情是美好的，伟大的。,力荐,35
2018-03-14 18:34:20,接十分钟的吻,高中同学推荐我看的，但是实在是太长了，没有耐心看下去，不过杰克好帅啊,还行,58
2018-03-04 09:19:31,思无邪,不圆满的爱情才更让人难以忘怀吧，但说实话就算他们活了下来他们能在一起吗？女方父母会同意吗？在灾难面前人的生命是多么的渺小。小李子年轻时真帅,推荐,169
2023-02-15 11:21:54,松村北抖M,有幸在25週年重映看上大螢幕甚至是RealD的3D，當年的KateRose真的太美太美,力荐,80
2023-01-06 10:33:23,WallExx,you jump i jump 时隔多年依然被这部电影所感动 最感动的不在于rose和Jack的爱情 而是rose勇敢打破那个时代的女性桎梏 思想上解放 违背母意选择自己的生活 卡导对于灾难大场面的把握做的太好了 ,力荐,72
2022-06-12 23:29:15,over,我心里最完美的电影。唯一让我几次嚎啕大哭怎么都止不住，直到结束时眼肿耳鸣的电影。至今看过的最好的爱情片，更是最好的灾难片。爱与永恒，泰坦尼克号的故事永远悲凉，也壮美。活在我心里的不只有Jack和Rose，更有直到生命最后一刻还在岗位上坚守的船工和船员们，体面而敬畏地演奏乐章的小提琴手们，还有那位儒雅温柔的设计师，那位给两个孩子讲故事的妈妈，那些唯一决定划船回去的人们，还有太多太多。灾难目睹人类的渺小，更见证人类的伟大。,力荐,51
2017-01-13 23:15:02,隔岸观船,在灾难面前 人类的渺小无力 在死亡面前 人人平等 这部影片闪烁着人性的光辉 爱能跨过阶级 超越生死,推荐,121
2023-03-02 11:18:39,自在_zhang,熬了下夜在电脑上看完了，之后失落了一晚上……,力荐,91
2017-05-07 22:44:47,随意,觉得挺经典，多年以后仍然忘不了当时看时的感动和惋惜。,力荐,34
2011-02-03 12:59:03,张维托,敬意给所有从容死去的人。给安德鲁斯。给我最爱的大西洋。给童年半梦半醒那段回忆里对电影的一切记忆。,力荐,58
2017-12-20 14:52:51,婷婷爱八卦,目前最爱的电影了，一口气在电影院看了三遍，泪流满面，这么大的灾难面前人是多么的脆弱！祝福他们重新投个好胎好好地活着,力荐,227
2023-03-04 07:22:16,元气满满himiko,原来海洋之心的泰坦尼克号是这样的，信念是突破一切的来源，要相信！,力荐,85
2017-02-13 21:56:18,我lu不会飞,灾难面前见真情，他们的爱情千古流传,力荐,41
2011-10-21 18:19:48,曾于里,我看过的最美的爱情，好几个场景都忍不住哭了,力荐,46
2017-02-11 15:04:19,ZWW,看过好多次了，每次看都被感动的一塌涂地 o(╥﹏╥)o 经典就是经典啊,力荐,162
2017-03-25 07:30:47,沧海一小生,那份上天安排的邂逅、那份温柔的浪漫、那份舍我为你的感动，这部影片全能给你！,力荐,20
2013-03-24 17:48:34,爱幻想的小孩,这么多年后重新看真的觉得卡神真的是很厉害，这么多人的场面调度，那么大的压力，还能沉稳的拍片，佩服。不过看他的删节镜头还是很失望的，觉得这么蠢的戏怎么能拍出来，特别是那个备用版本的结局，又蠢又俗,推荐,76
2018-04-15 10:52:48,ceci🍰,泰坦尼克号，杰克和罗丝，爱情电影永恒的经典。,力荐,26
2008-07-21 01:41:25,时以星,如果十年前很抗拒，说没什么特别的，那是因为当年太年幼，你以为你能拥有比这更深刻的爱情。,推荐,74
2023-03-04 07:22:16,元气满满himiko,原来海洋之心的泰坦尼克号是这样的，信念是突破一切的来源，要相信！,力荐,85
2022-11-08 07:25:14,贵妇曼妮,死到临头坚持演奏的几位乐手真是哲人,推荐,69
2017-03-18 21:13:33,sharon,犹记得初中时第一次看大船时的惊艳感，不仅仅是男女主的美貌还有画面和音乐,推荐,30
2017-02-13 21:56:18,我lu不会飞,灾难面前见真情，他们的爱情千古流传,力荐,41
2017-05-20 16:35:05,狗富贵,伟大的爱情，露丝代替杰克好好的活着啊……,推荐,35
2017-05-03 01:30:38,溪棠-迷糊狐,爱情一旦久长，就不朽。当青春不再的rose带着少女的微笑以海洋之心祭奠那个永远沉睡在冰海的少年时，一切痛苦与分离在那一刻永生。,推荐,41
2017-04-06 14:51:54,天然呆,但凡是伟大的经典都是悲剧，因为失去的才是永恒的，人们才会永远记得，莱奥纳多好年轻，帅气,推荐,26
2011-10-21 18:19:48,曾于里,我看过的最美的爱情，好几个场景都忍不住哭了,力荐,46
2018-03-26 21:10:15,媛媛,看过无数遍，永远的经典！每次看都会哭的稀里哗啦，结局虐心！,推荐,20
2017-02-11 15:04:19,ZWW,看过好多次了，每次看都被感动的一塌涂地 o(╥﹏╥)o 经典就是经典啊,力荐,162
2017-03-22 15:08:07,符小离不是兔妖,经典。U jump，I jump。当爱定格在死亡的那一刻，即使时间的洪流也难以将爱淹没，爱便成为了永恒。,推荐,17
2017-01-23 17:44:32,默默的蘑菇,感叹小李的帅气，其实我更想用beauty或者beaux。,推荐,31
2017-03-25 07:30:47,沧海一小生,那份上天安排的邂逅、那份温柔的浪漫、那份舍我为你的感动，这部影片全能给你！,力荐,20
2018-04-15 10:52:48,ceci🍰,泰坦尼克号，杰克和罗丝，爱情电影永恒的经典。,力荐,26
2017-02-09 12:35:31,倩倩啦啦啦,这个剧真的是让我看一次哭一次，很棒！！！,力荐,25
2017-04-04 11:00:09,朱迷糊🌸,"很经典   很震撼
人性的脆弱和伟大在苦难面前全部体现
不了解这部片的人可能会觉得它是商业片但是即使是它也是成功的商业片
男女主人公的故事告诉我们  
人生的路都不平坦  
但是人性的坚强和勇气
却可以让我们面对挫折时能勇往直前
感受阳光～
",力荐,18
2010-12-27 01:25:55,妖孽坐地成仙,看过还不止一遍。最感动的反而不是主角，而是那群在船上镇定奏乐的乐师们，还有那对依偎在床上的老夫妻。灾难面前人性被放得很大，有人陪着你从容面对死亡，这是怎样的感情。,推荐,32
2016-08-25 13:13:11,闫妮,classic~时过境迁才发现rose是丰满的，但一样很美,力荐,21
2022-12-31 22:52:40,圈圈,1912年4月10日，号称“永不沉没”的豪华巨轮泰坦尼克号，在首航4天后撞上大西洋的冰山，沉入冰冷的深海。一次赌博后的胜利、一次绝望后的重生，露丝和杰克的相爱犹如天作之合，品格高尚、气味相投、相互珍惜的年轻人美好而短暂的爱情故事。灾难犹如放大镜，既窥见自私卑劣无情的人，也照见信仰博爱无私的人。“赢得那张船票，是我一生中最幸运的事，它让我遇见了你，对此，我感激不尽。”沉船110周年，最爱的小李子，最凄美的爱情。,力荐,36
2018-04-15 23:52:35,宁宁,爱情电影的巅峰，永远的经典，虽然是悲剧，但Rose和Jack的爱情故事深深地震撼了我，非常难忘的电影！,力荐,19
2017-11-14 09:41:45,遇见彩虹🌈,杰克和罗丝的标准动作至今还能在各种综艺、影片中看到，那首我心永恒至今听到依旧会想起片中的片断。永远的1998。,力荐,208
2018-04-22 15:49:14,齐木楠雄,最好的小李子，杰克真是太惊艳了,推荐,21
2018-02-06 17:03:16,顾盼,年轻时的莱昂纳多，也太好看了吧。,力荐,145
2017-03-22 23:40:37,杨大志°,经典的电影！看几遍都不会烦,推荐,25
2018-03-26 14:52:57,挽梦忆笙歌,永远的经典，看一次哭一次，小李子真的帅，每次影片中的音乐想起就会想起Jack和Rose，特别是最后Jack为了救Rose不惜自己死，然后Rose反复说come back吹着那个哨子，眼泪刷刷地掉下来，他们的爱情故事真的很感人,力荐,129
2008-05-13 15:22:43,mOco,"还记得在大家都在拼命逃命时，四位伟大的音乐家为大家带来了心里的安慰...
还记得那些水手...
(于08年5月13日，地震灾区再次观看此片）",力荐,30
2017-04-02 21:03:01,吃瓜的小土豆儿,感人的爱情故事，当年第一次看的时候还在上学，看的时候泪流满面，现在再看亦是如此，同样的感动，同样的震撼，当露丝吹响哨时，给了我很大的震撼，那细微悠长的口哨声打在我心尖上。这声音是爱的离别，生的希望，是对杰克的承诺。,力荐,37
2015-12-30 01:08:32,Leon Winters W,更为重要的是，在国产大片年年见面的今日今时，回头再看[泰坦尼克]，才发现所谓影人勒紧裤腰带探索多年的经验，十年前，就已经有人做到了近乎完美，不仅赚得票子和眼泪，赢了口碑，而且承载了整整一代人的记忆和青春,力荐,29
2017-03-10 10:38:10,M能能M,刻骨铭心的爱情是每个人都怀念的，很早就看过了，真的很感动！,推荐,15
2017-04-11 23:59:37,X,看的未剪辑版当时还是很难借到的vcd，从各方面来说都很震撼,力荐,17
2007-12-08 00:51:47,囧之女神daisy,怎么说呢~~当年哭惨了~~~现在~~恩~~恩~~,还行,21
2016-09-27 16:17:45,请保持高冷,有什么好说的呢，我十七岁看到这部片子，爱小李子爱到现在,力荐,104
2006-10-19 00:16:10,匡轶歌,足垂青史,力荐,126
2018-01-30 23:06:14,懒人的主,小李子的盛世美颜为影片增色不少。,推荐,160
2017-01-24 21:53:58,momo,"“You trust me”
“I trust you”
能遇到对的人，夫复何求？",力荐,95
2017-03-02 23:40:05,Queenside,最爱的影片。you jump，I jump。这句誓言倾倒了每个女生的心。时隔十几年，仍然在看这部影片。它让我相信爱情，无论电影剧情是否落入穷小子爱上富家女的俗套无论现实中的爱情多么忧伤。我总能在每次想起的时候从心底感到温暖从那时候开始认识卡梅隆，到今日在银幕上自己带给我们更多震撼,力荐,8
2008-12-09 17:42:54,珍妮的肖像🦄,经不住推敲的爱情再说，关键是不喜一船人的悲剧命运，坐落到这经不起推敲的爱情上。,较差,23
2018-01-13 16:45:55,幸存者,说实话，我当初看时才十二岁，有很多都不太明白，还是在去回看一遍可爱会有不同的感受!,推荐,125
2008-07-17 19:49:07,酚酞,永不褪色的记忆,力荐,120
2023-02-15 06:18:41,cocopop,在英国看到了3D重映 上次看还是初中 看哭了好几次,力荐,44
2006-02-04 06:19:25,影志,"“我甚至连一张他的画像都没有，但他永远活在我心中。” 要敢说，这是我一直深爱的电影。

3D效果言过其实；被删裸戏无察觉；IMAX看清冰山全貌；Rose美的神魂颠倒，Jack帅的令人窒息；甲板上Jack对Rose说:I see you. 看过不下10遍，能记住每个情节、台词、人物及配乐，该哭地方还是会哭；3碟正版VCD能记住两次换碟的准确时刻；初二看完后自己经常在水盆里用水瓢演习沉船全过程…",力荐,14685
2006-11-16 15:23:40,个篱,那对对死无所畏惧的老夫妇，那个不为外界干扰的乐队，那个为生而做一次假父亲的男人，那个为爱人吹响口哨的女人。都是为了一种心灵上的执着。,力荐,15010
2008-11-24 22:15:43,Doublebitch,将永远是我在电影院所看过次数最多、最感动、也是最好的电影,力荐,8216
2016-12-02 12:36:33,孔雀鱼,学校组织放映的影片，大家好像对rose和jack恋爱过程猎奇，但是让我感动的一幕是轮船将要沉沦，海上乐队的绅士们整理领结，肃穆庄严的弹奏最后一曲，那一瞬间，仿佛听见一首镇魂曲在响彻。,力荐,5422
2008-08-02 01:45:37,高歌,"生死两茫茫
不思量
自难忘",力荐,6464
2011-08-26 16:50:18,琦殿,有些片子，必须得等经历过再去看。没有为爱情放弃过什么的人，不会在露丝从救生船上跳回大船的那一刻落泪。,力荐,3636
2022-08-27 23:06:40,桃溪春野,我学会了吐口水，我努力的活下来了，我去了好多你说过的地方，我学会了双腿张开骑马，我生了好多孩子，我已经活到一百岁了，我可以见到你了吗？,力荐,2889
2007-10-14 15:40:11,沉歌,爱你原本只是一瞬，却不知在时间的洪流中成了永恒。,推荐,13137
2008-02-20 11:41:14,宋阿慕,一部应该被记住的电影.,力荐,4868
2008-05-31 07:37:04,安獭獭,事隔那麼多年依然無法忘記當初的感動。,力荐,3952
2007-12-19 09:05:36,白日梦小姐,我想失去的才是永恒的。,力荐,4115
2006-08-21 21:25:29,小耳朵图吗,还用说么？太经典了。,力荐,4177
2018-01-14 12:32:13,酒鬼一家小迷妹,Rose可以为爱而死，最后在Jack的舍命相救及恳求下，选择了为爱而活，而被留下的那个人是痛苦的。到老奶奶的Rose站在船边上，把海洋之星扔回海中时，我想那是它最好的归宿了。灾难面前，有的人把生存的机会留给了别人，而有的人花钱占用了别人的机会。,力荐,2076
2011-07-11 17:36:24,朋克布莱克,第一次看到沉船，第一次看到正面全裸，第一次看到伟大的爱情，第一次...,力荐,1949
2018-03-14 17:29:38,青山绿水,打动人心灵的情感灾难片。除了男女主之间的互动，印象深刻的还有在船沉前三等舱躺在床上安详拥抱的两位老人，母亲在海水即将淹没时，拍打两个孩子入眠的场景，船上一直奏响的音乐，灾难来临时，从容赴死的船长和设计师，都让我流泪满面。,力荐,1513
2012-08-25 07:37:00,峰峰峰峰,当老年的Rose午夜梦回，一个长镜头穿过大堂，摇上楼梯，站在钟表前的Jack转过身来，意气风发，潇洒倜傥，宛如昨日。,推荐,10183
2017-01-07 15:03:08,登对,"""Every night in my dream, I see you, I feel you.""",力荐,1271
2022-11-18 06:59:38,北灰灰灰,能与诸位一起演奏 是我的荣幸,力荐,1249
2021-01-15 19:15:45,寄云粥,找不出瑕疵的神片，每一个细节都极尽完美，卡梅隆无可抑制的才华，搭配詹姆斯霍纳天籁般的原创配乐，不仅是Jack和Rose的爱情，死亡时刻乐团的演奏、船长与船共存亡的坚定、一对老夫妇相拥而眠、母亲为孩子讲睡前故事，都染上了一层浪漫潇洒的色彩。我一直认为，本片真正感人的部分，爱情只占了一半，生死间的抉择差异、烈狱环境下人性的考验是另一半，但当最后Rose将海洋之心抛向海底，Celine Dion的声音响起的时候，泪水终于无法忍耐，一切的缘由都失去了意义。,力荐,693
2016-12-06 23:05:16,雨果,我所知道的爱情就是无论付出什么代价都要让你有幸福的人生， 尽管那人生我无法参与，那幸福不是我来给予。,力荐,1031
2022-09-30 19:58:13,清和结庭芳。,"第一次哭：rose在救生艇上仰望，jack留在大船上，眼中闪着泪光却微笑着看过来。太美好了。当时魂穿rose感觉，如果我不跳回去，这个画面，就是我心中最美好的男孩子，留在我心中的最后一面。这一幕一定会成为我夜夜的梦魇，让我在悔恨中哭着醒过来。
第二次哭：rose为了彼此的诺言，争取搜救好好活下去，哭完后最终扒掉了已死的Jack在救生木板上冷僵的手，Jack慢慢坠落，带着宁静的面庞永眠海底。
第三次哭：Rose Dawson你我永不分离，我带着我们相爱的记忆，好好活下去，我之后的生命与幸福由你共享一半
第四次哭：结尾白发苍苍的老奶奶梦回泰坦尼克号，青春少女穿着洁白如婚纱的裙子，穿过金碧璀璨的梦幻廊厅，推开门后喜欢的人们都活着，笑着夹道祝福，楼梯的最高处，Jack回首，微笑，还是初见的少年模样。",力荐,595
2023-04-05 02:02:55,darl,让我们期冀着：原来世界上真的有人无端端地比热爱生命还要热爱另一个人。,力荐,594
2017-02-27 15:02:09,蓝下老婆,"you jump, i jump这句是不是超经典，这部电影是根据真人真事改编的，非常的感人，小李子那时好帅啊，很多片段都非常的经典，主题曲也是很好听，喜欢的电影当然给满分了",力荐,750
2017-03-29 15:58:17,元宝宝,男女主人公的爱情固然打动人心，但我也记住了当海水袭来时，有一对老夫妇紧握双手迎接死亡的瞬间，爱情的力量可以冲破一切恐惧，只因我俩还在一起。,力荐,603
2012-08-07 15:59:22,朝暮雪,第70届奥斯卡最佳影片，全球票房影史第二名，仅次于卡神的《阿凡达》，真正的口碑票房双丰收。,力荐,441
2022-02-11 21:59:48,已注销,他们的爱情死在最好的时候。,力荐,472
2008-03-15 22:17:43,芦哲峰,1998年，哈尔滨火车站地下给初恋女友买的盗版光盘。,推荐,3204
2008-01-10 16:33:31,老鸡｜扶立,高中时代的大片，最让我动心的是音乐,推荐,805
2017-02-09 14:31:57,昵称被占不开心,我甚至连他的一张照片都没有，他活在我的心里,力荐,590
2013-01-14 23:46:22,魏小河,不知为什么，今天才看这电影，但从来不急，就像任何一件人生中必须经历的事情，你知道总会到来的。那些早就从别人谈话中听来的感动和泪点，一一应中，但在此之前，终归是听来的。时间参和进去，电影不只是电影，生离死别，何止爱情。,推荐,286
2017-01-08 18:29:28,后天的雨,这部大片的感染力就是，尽管看过不止一次，剧情聊熟于心，当年3d重制上映时候大家还是很期待地去看，满场的人，然后再次被震撼。 对rose和jack来说，船上那几天是人生最精彩最美丽的几天，rose也用一生来纪念他。,力荐,565
2015-05-04 16:30:37,冰红深蓝,"摄影剪辑调度配乐音效场面还原都登峰造极，尽管爱情故事十分烂俗，但我就是不争气地被打动了。更重要的是，本片在深度上也绝非肤浅：对现代性和技术理性的反思、灾难前的种种人性(乐队,神父,老夫妻,查字典的外国家庭)、对生命的热爱(用最热忱的生活态度缅怀逝者,永不放弃)，片尾长镜头绝赞！（9.0/10） | 20230414 大银幕重温3D IMAX版（纪念泰坦尼克号沉没111周年），观感极佳，确乎是真正意义上的大片。泰坦尼克号成了上流社会傲慢、虚荣与虚伪的象喻，一如“永不沉没之船”首航即遇难，片中也充满了各式反讽。灾难放大了人性中的美善与丑恶，压力之下人的性格本相才会充分呈露出来。剪辑转场（尤其是素描画—青年罗丝—老年罗丝这一延长的双重匹配叠化）实在精妙。本片还是一部关于女性独立成长、超越时代的女性力量（结尾照片太动人）的杰作。",力荐,194
2023-02-24 10:10:16,judyisland,“He saved me in every way a human can be saved”,力荐,283
2022-06-24 16:19:54,空山鸟语,最后，镜头拉到老人家在床上睡觉，身旁一张张照片掠过，都是她和杰哥约定要做的事情然后再进到沉船的残骸，画面从一片死寂逐渐变暖，最后进到大厅里，里面全是事故的逝者然后大堂的钟前是男主的背影，回头这才发现是女主视角旁边乐师，设计师死者复生，大家重新团聚，画面从冷到暖，接着变成女主视角，把我杀穿了，眼泪不值钱。,力荐,244
2010-10-03 03:20:13,乔小囧,13年后，我才看了这部经典大片。美国人的商业片，从来都那么深入内心。我不可脱俗的被这场爱情感动，或者说我感动的是对爱的态度。灾难来得突然，对爱的考验也来得突然，容不得你准备，你必须用生命来完成这道题目。真爱，不会露怯。假爱，总会在灾难面前显得那么可笑。海洋没心，但你有海洋之心。,力荐,253
2023-02-12 07:28:44,南极海盐,rose真好！为什么二十五年前就能拍出这种电影啊😭😭,力荐,252
2018-01-15 17:14:59,猫咪.萌萌,"这是几年前看的了，一直到现在感觉还是回味无穷吖！真的太经典了，让人记忆深刻，从男女主人公的相识相知相爱到最后的永远的分别……
人生就是这样，好多事情都是不能提前得知的，命运自有天意安排，谁也算不到",力荐,131
2023-04-19 19:18:11,卡夫不卡,我十二岁看不喜欢它，觉得Rose和Jack顺利地下了船，他们的生活肯定会在鸡毛蒜皮里消磨，现在觉得大错特错，Rose遇到Jack以后才开始真的活着。而Rose本来就如斯嘉丽一样，是充满生命力的人，Jack不是创造了她心中的火，而是让她点燃了，所以她可以迅速地肆无忌惮地在三等舱跳舞奔跑。1900的船伴随着“America”的叫喊声再也不会有人听他的琴，他也一直没有走下自己的船，而Rose的船却是人生的起点，后来那些灿烂的照片，Jack不是给了她爱情，更重要的是让她知道了“爱”。故事本身并不复杂，完全能理解为什么票房影史第一如此多年，你在这里能看到对电影所有的期望，帅气漂亮的演员，壮观的大场面，以及各种配角。小提琴手拉最后一首歌的时候我狂哭不止，它的细节如此之多，以至于我真的觉得那些人物是活的。,力荐,84
2023-04-15 15:24:05,阿涩,"经典之所以为经典。第一次在大荧幕上看这部电影，再看依然后劲很大。其实直到这次买票的时候才发现这部电影居然有三个多小时。群像、人性、爱情，每个方面的塑造都是丰满的，细节之丰富和到位不会让我觉得有一个镜头是多余的。
看到一位网友的说法觉得很对，Rose从来不是玻璃罩里的玫瑰，她是在笼子里哀啼却没有人听到的鸟。爱情也不是救赎，Jack只是向Rose伸出了手，但她最终还得靠自己展开双翼。（另外凯特温斯莱特真的好美啊，真的会让我联想到热烈又娇嫩的玫瑰花瓣。）
看到Jack刚登上船时迎着海风喊出“I'm the king of the world”的时候真的眼眶湿润，他就这样停留在最意气风发的年纪了啊。",力荐,98
2023-03-03 23:28:58,啊蓝天啊云好多,女主太勇敢了，爱情真的能给人这么大的勇气吗？5+,力荐,165
2007-10-14 15:40:11,沉歌,爱你原本只是一瞬，却不知在时间的洪流中成了永恒。,推荐,13137
2006-02-04 06:19:25,影志,"“我甚至连一张他的画像都没有，但他永远活在我心中。” 要敢说，这是我一直深爱的电影。

3D效果言过其实；被删裸戏无察觉；IMAX看清冰山全貌；Rose美的神魂颠倒，Jack帅的令人窒息；甲板上Jack对Rose说:I see you. 看过不下10遍，能记住每个情节、台词、人物及配乐，该哭地方还是会哭；3碟正版VCD能记住两次换碟的准确时刻；初二看完后自己经常在水盆里用水瓢演习沉船全过程…",力荐,14685
2006-11-16 15:23:40,个篱,那对对死无所畏惧的老夫妇，那个不为外界干扰的乐队，那个为生而做一次假父亲的男人，那个为爱人吹响口哨的女人。都是为了一种心灵上的执着。,力荐,15010
2008-11-24 22:15:43,Doublebitch,将永远是我在电影院所看过次数最多、最感动、也是最好的电影,力荐,8216
2016-12-02 12:36:33,孔雀鱼,学校组织放映的影片，大家好像对rose和jack恋爱过程猎奇，但是让我感动的一幕是轮船将要沉沦，海上乐队的绅士们整理领结，肃穆庄严的弹奏最后一曲，那一瞬间，仿佛听见一首镇魂曲在响彻。,力荐,5422
2008-08-02 01:45:37,高歌,"生死两茫茫
不思量
自难忘",力荐,6464
2011-08-26 16:50:18,琦殿,有些片子，必须得等经历过再去看。没有为爱情放弃过什么的人，不会在露丝从救生船上跳回大船的那一刻落泪。,力荐,3636
2022-08-27 23:06:40,桃溪春野,我学会了吐口水，我努力的活下来了，我去了好多你说过的地方，我学会了双腿张开骑马，我生了好多孩子，我已经活到一百岁了，我可以见到你了吗？,力荐,2889
2012-08-25 07:37:00,峰峰峰峰,当老年的Rose午夜梦回，一个长镜头穿过大堂，摇上楼梯，站在钟表前的Jack转过身来，意气风发，潇洒倜傥，宛如昨日。,推荐,10183
2008-03-15 22:17:43,芦哲峰,1998年，哈尔滨火车站地下给初恋女友买的盗版光盘。,推荐,3204
2008-02-20 11:41:14,宋阿慕,一部应该被记住的电影.,力荐,4868
2008-05-31 07:37:04,安獭獭,事隔那麼多年依然無法忘記當初的感動。,力荐,3952
2007-12-19 09:05:36,白日梦小姐,我想失去的才是永恒的。,力荐,4115
2008-01-10 16:33:31,老鸡｜扶立,高中时代的大片，最让我动心的是音乐,推荐,805
2006-08-21 21:25:29,小耳朵图吗,还用说么？太经典了。,力荐,4177
2018-01-14 12:32:13,酒鬼一家小迷妹,Rose可以为爱而死，最后在Jack的舍命相救及恳求下，选择了为爱而活，而被留下的那个人是痛苦的。到老奶奶的Rose站在船边上，把海洋之星扔回海中时，我想那是它最好的归宿了。灾难面前，有的人把生存的机会留给了别人，而有的人花钱占用了别人的机会。,力荐,2076
2011-07-11 17:36:24,朋克布莱克,第一次看到沉船，第一次看到正面全裸，第一次看到伟大的爱情，第一次...,力荐,1949
2018-03-14 17:29:38,青山绿水,打动人心灵的情感灾难片。除了男女主之间的互动，印象深刻的还有在船沉前三等舱躺在床上安详拥抱的两位老人，母亲在海水即将淹没时，拍打两个孩子入眠的场景，船上一直奏响的音乐，灾难来临时，从容赴死的船长和设计师，都让我流泪满面。,力荐,1513
2017-01-07 15:03:08,登对,"""Every night in my dream, I see you, I feel you.""",力荐,1271
2022-11-18 06:59:38,北灰灰灰,能与诸位一起演奏 是我的荣幸,力荐,1249
